 1026032	   8.460	 10.932	10.778	11.162
 1026957	  21.761	 20.883	20.358	21.802
 1161345	   8.575	  7.969	 7.994	 8.227
 1432214	 161.788	161.670	      	
 1433410	   0.283	       	      	
 1433980	   1.593	       	      	
 1571511	  14.022	 98.858	      	
 1575690	   2.252	  2.248	 2.243	 2.256
 1722276	 569.950	  1.921	 2.100	 2.105
 1868650	   0.585	       	      	
 1873513	   3.290	 35.186	      	
 1995732	  77.363	 77.178	      	
 2019076	   7.129	  8.623	 8.188	 8.325
 2141697	   0.331	       	      	
 2159783	   0.374	       	      	
 2161623	   2.283	       	      	
 2162994	   4.102	  4.066	 4.054	 4.108
 2166200	   8.097	 55.130	      	
 2167890	   2.648	  2.616	 2.560	 2.677
 2305372	   1.405	       	      	
 2305543	   1.362	  1.349	 1.339	 1.352
 2306740	  10.307	  0.695	 0.733	 0.734
 2306756	 386.600	179.571	      	
 2307199	  13.447	 13.650	      	
 2307206	 204.031	101.657	      	
 2308957	   2.220	       	      	
 2309587	   1.839	  1.839	      	
 2309719	  54.356	 11.116	11.015	12.718
 2436378	   8.532	 13.507	      	
 2437060	   3.187	  3.188	      	
 2437149	  18.799	 15.162	      	
 2437452	  14.470	 19.024	      	
 2437505	  21.476	  4.945	      	
 2438061	   4.886	  4.741	 4.709	 4.738
 2438490	   3.316	  3.269	 3.194	 3.307
 2440757	   1.434	  2.861	      	
 2441161	   4.384	  4.332	      	
 2442084	  49.789	 22.579	21.614	22.647
 2444187	   0.390	       	      	
 2445134	   8.412	  8.153	      	
 2445975	   3.389	  1.124	      	
 2446623	 175.066	174.707	      	
 2447893	   0.662	  0.654	 0.659	 0.660
 2449084	   0.740	       	      	
 2449090	   4.944	  4.924	 4.885	 4.979
 2452440	   8.097	  9.420	 9.267	 9.856
 2556127	   0.419	       	      	
 2557430	   1.298	  1.308	      	
 2558370	   1.092	  1.083	 1.091	 1.093
 2569494	   1.523	  1.512	      	
 2576107	 205.583	 81.121	      	
 2576692	  87.879	177.017	      	
 2577756	   0.870	       	      	
 2580872	  15.927	 14.344	14.077	15.031
 2693092	  39.842	 79.282	      	
 2695740	   3.616	       	      	
 2696703	   6.094	       	      	
 2708156	   1.891	       	      	
 2708614	  52.886	  1.165	      	
 2711114	   2.859	  2.840	 2.831	 2.850
 2715417	   0.236	       	      	
 2717141	   0.395	       	      	
 2719436	   0.743	       	      	
 2719873	  17.279	 28.096	26.204	29.867
 2720354	   2.821	       	      	
 2831632	   2.573	       	      	
 2835289	   0.858	       	      	
 2851100	   0.890	 40.418	      	
 2852560	  11.961	  7.581	 7.152	 7.629
 2854432	   0.322	       	      	
 2854948	   0.974	  0.981	 0.971	 0.976
 2860594	   5.500	       	      	
 2860788	   5.260	  5.088	 4.996	 5.080
 2970804	   0.687	 30.896	      	
 2972514	   0.503	       	      	
 2973509	   6.628	  6.069	      	
 2983113	   0.395	       	      	
 2987433	 420.930	 28.362	      	
 2988984	   0.713	       	      	
 2996347	   0.301	       	      	
 2997455	   1.130	  1.124	 1.127	 1.131
 2998124	  28.598	 56.785	      	
 3003991	   7.245	  9.563	      	
 3097352	   4.030	 27.871	 3.957	 3.989
 3098194	  30.477	 29.731	26.521	33.270
 3102000	  57.060	 14.733	13.998	15.483
 3102024	  13.783	  4.884	      	
 3104113	   0.847	       	      	
 3113266	   0.996	  0.981	      	
 3114667	   0.889	  0.879	      	
 3115480	   3.694	  3.617	      	
 3119295	   0.440	       	      	
 3120320	  10.266	 13.261	12.473	13.670
 3122985	   0.993	  1.471	 1.453	 1.465
 3124420	   0.949	       	      	
 3127817	   4.327	       	      	
 3127873	   0.672	       	      	
 3128793	  24.679	 66.307	      	
 3218683	   0.772	       	      	
 3221207	   0.474	       	      	
 3222471	 618.420	 28.260	25.369	29.268
 3228863	   0.731	       	      	
 3230578	   6.338	       	      	
 3230787	  17.734	 12.158	11.873	12.962
 3231120	   3.900	  3.821	 3.800	 3.836
 3240159	  82.138	 82.286	      	
 3240706	   5.490	 61.648	      	
 3241344	   3.913	  3.944	 3.937	 3.951
 3241619	   1.703	  1.676	      	
 3247294	  67.419	 32.019	      	
 3248019	   2.668	  2.615	 2.610	 2.638
 3248332	   7.364	       	      	
 3323289	  33.693	 38.252	29.317	37.388
 3327980	   4.231	       	      	
 3335816	   7.422	  8.153	      	
 3338660	   1.873	       	      	
 3339538	  14.658	 13.915	13.565	14.460
 3339563	   0.841	       	      	
 3340313	  30.554	 30.548	      	
 3341934	  18.839	 93.504	      	
 3342592	  17.177	 85.862	      	
 3344427	   0.652	  0.654	 0.651	 0.652
 3345675	 120.004	 38.497	      	
 3347485	   7.545	       	      	
 3348093	   7.964	  8.235	 8.185	 8.457
 3351945	   1.081	  1.083	 1.078	 1.084
 3352751	   3.495	       	      	
 3354616	   0.277	 13.588	13.440	13.987
 3427776	   4.017	  4.025	      	
 3428468	 114.909	113.039	      	
 3433668	  15.022	  8.827	 8.624	 9.103
 3437778	   0.636	       	      	
 3438975	   2.976	169.211	      	
 3439031	   5.952	       	      	
 3439180	   0.325	       	      	
 3440230	   2.881	       	      	
 3441784	  52.569	       	      	
 3442054	 117.681	  3.576	      	
 3443790	   1.666	  5.211	 4.811	 4.969
 3448245	   0.513	       	      	
 3449540	   3.212	  3.188	 3.234	 3.244
 3454864	   0.294	       	      	
 3458919	   0.892	  0.899	 0.889	 0.896
 3459199	   3.141	 11.300	11.212	11.629
 3530668	   1.946	  1.962	 1.937	 1.946
 3534118	 178.414	 47.324	      	
 3542573	   6.943	  7.233	 7.100	 7.463
 3543270	   4.177	  4.107	 4.077	 4.093
 3544694	   3.846	  4.046	      	
 3547091	   3.306	  3.290	 3.203	 3.232
 3547111	   1.208	       	      	
 3547315	   1.285	  1.287	 1.281	 1.284
 3549994	   0.347	       	      	
 3556229	   0.797	       	      	
 3557421	   0.394	       	      	
 3558822	   1.353	       	      	
 3558981	   2.988	  3.453	 3.403	 3.413
 3560212	   0.346	       	      	
 3633901	   0.807	       	      	
 3644542	 119.680	117.187	      	
 3654950	   8.135	  8.827	 8.832	 9.180
 3655326	  15.067	 12.791	      	
 3656322	   3.664	  3.617	      	
 3659940	   0.896	  0.899	 0.888	 0.890
 3662635	   0.939	  0.940	 0.929	 0.935
 3730067	   0.294	       	      	
 3732732	   0.396	       	      	
 3734868	  10.328	 10.299	 9.774	10.443
 3735597	   1.966	       	      	
 3735629	   9.328	 65.735	      	
 3743834	   0.274	       	      	
 3745184	   0.304	       	      	
 3749508	   1.066	  1.063	 1.062	 1.066
 3757588	  24.090	       	      	
 3757590	 135.586	135.843	      	
 3757778	  36.514	 36.535	      	
 3765708	   0.431	       	      	
 3765771	   5.568	  9.481	      	
 3830820	  15.583	 38.640	      	
 3832382	   0.273	       	      	
 3833859	   0.432	       	      	
 3834322	   0.997	 27.218	      	
 3834364	   2.908	  2.922	 2.898	 2.923
 3836439	   1.540	       	      	
 3836522	   1.540	  1.451	      	
 3838496	   5.980	  5.803	 5.680	 5.741
 3848042	   0.411	       	      	
 3848919	   1.047	  1.042	 1.040	 1.043
 3848972	   0.741	 21.578	20.621	24.313
 3849155	   1.168	 39.416	      	
 3851193	   1.341	       	      	
 3851949	  54.771	 54.701	      	
 3852655	  11.629	 21.782	16.740	17.049
 3853259	   0.277	       	      	
 3853673	   0.644	 19.024	      	
 3858879	  25.952	 16.388	      	
 3858884	  25.952	       	      	
 3858949	  25.951	 36.801	      	
 3861595	   3.849	  5.660	      	
 3862246	   4.702	  5.333	      	
 3865298	   9.531	  8.991	      	
 3867593	  73.332	       	      	
 3869326	   8.586	  1.900	      	
 3935319	   0.353	       	      	
 3936357	   0.369	       	      	
 3938073	  31.024	 61.996	      	
 3953106	  13.174	 14.855	      	
 3953981	   0.492	       	      	
 3954227	   0.594	  0.593	      	
 3954798	   0.918	       	      	
 3955867	  33.660	 33.225	      	
 3956545	   0.330	       	      	
 3957477	   0.979	  0.981	 0.969	 0.972
 3964545	   3.012	  2.983	      	
 3965242	   0.997	  1.001	 0.992	 0.994
 3966491	   1.352	       	      	
 3966912	  55.664	  5.027	      	
 3969362	   0.411	       	      	
 3970117	 110.295	110.586	      	
 3970233	   8.255	  6.048	      	
 3971315	   9.892	 13.997	      	
 3973002	   3.984	  3.964	 3.932	 4.088
 3973504	   4.319	  4.434	 4.263	 4.295
 3973549	   1.390	  9.829	      	
 4035675	   2.874	  2.861	      	
 4036687	   0.300	       	      	
 4037163	   0.635	  0.633	      	
 4037428	   4.265	  4.271	 4.189	 4.317
 4042026	  34.820	 35.657	      	
 4043443	 119.840	 42.379	      	
 4044005	  17.512	 11.831	11.552	12.811
 4049124	   4.804	  5.599	 5.519	 5.794
 4054905	 274.709	 87.006	      	
 4055092	  76.453	 28.607	      	
 4058169	 282.536	142.198	      	
 4059656	   4.059	       	      	
 4066203	   0.363	       	      	
 4069063	   0.504	  0.511	      	
 4069213	   5.194	       	      	
 4070376	   1.635	       	      	
 4073678	   0.288	 34.083	      	
 4074532	   0.353	       	      	
 4074708	   0.302	       	      	
 4075064	  61.423	 23.396	20.477	24.655
 4076952	   9.761	       	      	
 4077442	   0.693	       	      	
 4078157	  16.025	  6.477	      	
 4078693	   2.757	  2.554	 2.808	 2.826
 4079530	  17.727	 17.287	      	
 4144236	  22.913	 23.703	      	
 4149684	   4.321	  4.250	 4.218	 4.349
 4150390	  55.251	108.319	      	
 4157488	   5.197	       	      	
 4159347	  12.284	  4.720	 4.515	 4.642
 4164393	  49.613	 49.490	      	
 4165960	  13.549	 17.982	      	
 4169521	   1.173	       	      	
 4174507	   3.892	  3.944	 3.921	 3.962
 4178389	  23.211	 13.813	13.810	14.318
 4241946	   0.284	       	      	
 4245897	  11.258	       	      	
 4247023	  47.191	 48.242	      	
 4247991	 104.350	 12.812	      	
 4249218	   0.316	       	      	
 4252226	  21.859	 12.281	11.889	12.644
 4252322	  14.592	 17.348	13.512	15.387
 4255422	 165.406	166.595	      	
 4263529	  10.104	 15.713	15.804	16.035
 4275739	   4.344	  4.312	 4.249	 4.316
 4276114	   3.722	  3.780	      	
 4281895	   9.544	  9.542	      	
 4285087	   4.486	  4.516	 4.524	 4.573
 4346875	   4.694	  4.924	 4.759	 4.867
 4349483	   0.509	       	      	
 4352168	  10.644	 10.503	10.188	10.784
 4357272	   2.086	  2.064	 2.048	 2.061
 4358206	   0.951	  0.960	      	
 4360072	1087.300	  1.635	      	
 4365442	   1.714	 48.448	      	
 4365461	   3.429	       	      	
 4366923	 646.290	  3.576	 3.635	 3.651
 4367544	   2.391	 12.934	      	
 4372705	   1.279	       	      	
 4372765	  15.640	 15.632	      	
 4375101	  61.260	 60.606	      	
 4376644	  27.678	 11.300	      	
 4380283	   1.745	  1.737	 1.733	 1.736
 4386047	   2.901	  2.942	      	
 4445630	   5.628	 11.259	      	
 4451148	   0.736	       	      	
 4454219	   2.451	  2.289	      	
 4455763	   0.766	  0.756	 0.764	 0.766
 4456622	   1.503	  5.721	 5.472	 5.593
 4464999	   0.434	       	      	
 4466691	   0.483	       	      	
 4473933	 103.593	 67.043	68.277	72.218
 4474637	   3.887	       	      	
 4476900	   0.280	       	      	
 4480676	   1.424	  1.410	 1.421	 1.422
 4484356	   1.144	  1.144	      	
 4540632	  31.005	  9.420	 9.361	 9.676
 4544587	   2.189	       	      	
 4547067	   0.408	       	      	
 4547480	   4.427	  4.598	 4.308	 4.353
 4551328	   1.044	 18.799	      	
 4554004	   0.743	       	      	
 4563150	   0.275	       	      	
 4569590	  41.370	 41.031	      	
 4570326	   1.122	       	      	
 4571536	   0.677	  5.926	      	
 4574310	   1.306	       	      	
 4578594	 252.155	 64.223	      	
 4579321	   2.112	  2.105	 2.087	 2.117
 4586482	 623.000	117.452	      	
 4633434	  22.271	 22.252	      	
 4638237	 290.140	120.109	      	
 4639868	  53.101	 17.920	16.724	17.812
 4647652	   1.065	       	      	
 4649324	   1.036	       	      	
 4649440	  19.371	 83.982	      	
 4651526	   0.298	       	      	
 4659255	 198.013	197.245	      	
 4660997	   0.563	       	      	
 4661634	  73.894	 73.561	      	
 4663623	 358.100	180.143	      	
 4665989	   2.248	       	      	
 4669592	   0.378	       	      	
 4670267	   2.006	       	      	
 4671584	   5.593	 16.960	      	
 4677321	   1.572	       	      	
 4678171	  15.289	 23.376	20.287	25.667
 4679687	   1.028	  1.022	 1.026	 1.029
 4681152	   1.836	       	      	
 4729553	   0.961	       	      	
 4736208	  63.682	192.485	      	
 4737267	   9.524	  9.277	      	
 4737302	   9.456	       	      	
 4739194	   1.247	       	      	
 4739791	   0.899	       	      	
 4740676	   3.454	       	      	
 4743508	   2.086	  2.084	 2.072	 2.077
 4751083	   4.532	  4.577	 4.408	 4.541
 4753988	   7.304	  6.048	      	
 4757331	   2.362	  2.350	 2.346	 2.382
 4758368	   3.750	       	      	
 4760746	  15.068	  1.757	      	
 4769799	  21.929	       	      	
 4773155	  25.706	 20.311	18.990	21.017
 4815612	   3.857	  3.678	 3.702	 3.785
 4824268	 152.151	150.759	      	
 4826439	   2.474	       	      	
 4832197	   1.895	  1.921	      	
 4839180	   8.853	 11.545	11.029	12.376
 4840263	   1.916	  1.900	 1.883	 1.892
 4840327	  26.737	 23.989	      	
 4840818	  10.050	 13.098	12.644	13.735
 4843592	   0.484	  1.369	      	
 4847832	  30.960	 28.791	      	
 4847843	  30.960	 17.062	16.319	17.776
 4848423	   3.004	       	      	
 4850874	   1.776	       	      	
 4851217	   2.470	       	      	
 4851464	   5.548	  2.513	      	
 4852055	   2.415	       	      	
 4859432	   0.385	       	      	
 4862625	  20.000	  2.616	      	
 4902030	   1.758	  1.757	 1.738	 1.759
 4908495	   3.120	  3.085	      	
 4909422	   0.395	       	      	
 4909707	   2.302	       	      	
 4912589	  68.377	 11.075	11.008	11.141
 4912991	   4.443	  4.209	 4.140	 4.228
 4928119	  44.639	 13.691	      	
 4929299	   0.869	 23.764	21.966	29.026
 4931073	  26.951	 26.686	      	
 4932348	  38.037	 37.618	      	
 4932691	  18.112	       	      	
 4935914	   3.486	  3.474	 3.354	 3.450
 4936680	   0.666	       	      	
 4936990	  10.315	 12.138	      	
 4937143	   9.849	 49.020	      	
 4937217	   0.429	       	      	
 4940201	   8.817	 10.646	10.296	11.049
 4940438	   9.086	       	      	
 4941060	   0.303	       	      	
 4945035	   1.175	 24.582	      	
 4945857	   0.335	       	      	
 4946584	   0.454	  2.329	 2.267	 2.359
 4946680	   8.665	 34.369	      	
 4947528	   0.497	       	      	
 4947726	   4.726	  4.495	 4.401	 4.607
 4948863	   8.644	  8.439	      	
 4949770	   1.564	       	      	
 4950557	  24.715	 99.164	      	
 4990977	   2.649	  2.636	      	
 4991959	   0.361	       	      	
 4999260	   0.378	       	      	
 4999357	   0.990	       	      	
 5000179	   3.633	       	      	
 5003117	  37.609	112.671	      	
 5005618	 340.967	 46.793	      	
 5014753	   3.171	  3.637	 3.622	 3.688
 5015913	   2.360	  2.186	      	
 5015926	   0.363	       	      	
 5016163	   5.246	  5.149	 5.213	 5.324
 5017058	   2.324	       	      	
 5018787	   0.607	  0.593	      	
 5020034	   2.119	       	      	
 5021174	   4.045	  4.271	 4.170	 4.216
 5021732	  15.040	 20.720	      	
 5022440	   3.694	  3.821	 3.603	 3.734
 5022908	   0.637	       	      	
 5023948	   3.649	  3.555	 3.593	 3.656
 5024292	   4.301	  2.268	 3.077	 3.137
 5024447	 771.830	 23.478	      	
 5024450	   3.052	  2.983	 2.974	 2.998
 5025294	   5.463	  3.433	      	
 5035972	  49.267	 99.185	      	
 5036538	   2.122	  2.125	      	
 5036966	  62.735	 62.934	      	
 5039441	   2.151	  2.186	      	
 5041569	   2.535	 20.863	      	
 5041843	   0.457	       	      	
 5041975	   2.960	       	      	
 5077629	   7.919	 12.056	11.979	12.359
 5077994	   0.696	       	      	
 5078879	   1.039	  0.899	      	
 5080652	   4.144	  4.536	 4.693	 4.750
 5088735	   0.508	  0.490	      	
 5090690	  24.023	       	      	
 5091614	  21.142	 21.128	20.101	22.330
 5095269	  18.612	 37.394	      	
 5097446	   1.288	       	      	
 5098444	  26.949	 23.499	      	
 5103998	 174.770	  4.046	 3.933	 3.948
 5104097	   0.275	  4.904	      	
 5107226	 310.916	 17.328	      	
 5110423	   5.370	  5.354	      	
 5112567	   1.616	       	      	
 5113053	   3.185	  3.147	 3.058	 3.191
 5115178	  12.852	 13.323	      	
 5122112	   3.055	  3.188	 3.205	 3.242
 5123176	   0.708	       	      	
 5127005	   1.621	       	      	
 5128972	   0.505	       	      	
 5130380	  19.983	 39.968	      	
 5130740	 210.303	  5.681	 5.521	 5.960
 5166136	   0.234	       	      	
 5174346	   0.351	       	      	
 5174677	  43.543	  2.411	      	
 5179609	  43.931	 43.217	      	
 5181455	   5.580	  5.844	 5.476	 5.589
 5181804	   4.351	  4.352	 4.324	 4.487
 5193386	  21.378	 25.767	25.554	27.349
 5196301	   1.910	       	      	
 5199426	  78.604	 78.690	      	
 5201619	   0.507	       	      	
 5211385	   1.661	       	      	
 5211470	   4.809	  4.822	      	
 5215700	   1.312	       	      	
 5215999	   2.531	       	      	
 5216727	   1.513	  1.512	 1.501	 1.513
 5217586	  26.069	 11.136	      	
 5217733	 161.252	  1.635	      	
 5217781	 564.407	 63.487	      	
 5218014	  10.845	 69.536	      	
 5218385	   0.282	       	      	
 5218441	   3.614	  1.778	      	
 5255552	  32.449	 11.361	      	
 5263802	   6.701	       	      	
 5264304	 120.580	120.314	      	
 5266937	   5.917	       	      	
 5269407	   0.959	  0.960	 0.950	 0.954
 5282049	   5.910	  8.746	 8.536	 8.982
 5282464	   0.496	       	      	
 5283839	   0.315	       	      	
 5284133	   8.785	       	      	
 5285607	   3.899	       	      	
 5286786	   9.949	 12.791	      	
 5287983	   2.507	  2.472	      	
 5288543	   3.457	  3.372	 3.453	 3.465
 5290305	   0.621	       	      	
 5294739	   3.736	       	      	
 5296276	   1.892	       	      	
 5297298	  34.194	 68.923	      	
 5300878	   1.279	  1.267	 1.274	 1.279
 5302006	   0.151	       	      	
 5306720	  27.365	  2.861	      	
 5306862	   2.026	       	      	
 5308778	  40.565	 39.130	      	
 5309353	   1.376	 44.034	      	
 5310435	   4.931	       	      	
 5343976	   4.331	  4.414	      	
 5347537	 345.184	 23.622	      	
 5347784	   9.584	 10.319	10.112	10.278
 5353374	   0.393	       	      	
 5353653	   0.369	       	      	
 5356593	  45.978	  8.725	      	
 5357682	   0.718	       	      	
 5357882	   0.387	       	      	
 5358200	   0.536	       	      	
 5359678	   6.231	  6.212	 6.236	 6.390
 5369827	   3.607	 12.301	      	
 5370302	   3.904	  4.005	 3.889	 4.072
 5372966	   9.286	 19.923	17.475	19.918
 5374999	   0.458	       	      	
 5376552	   0.504	       	      	
 5376836	   3.479	  3.617	      	
 5377349	   1.117	       	      	
 5384713	  60.327	 20.311	      	
 5384802	   6.083	  7.520	      	
 5385723	  12.445	 12.341	      	
 5390351	   0.547	       	      	
 5392897	  42.399	 82.348	      	
 5393558	  10.217	  9.543	 9.437	 9.917
 5394544	   0.432	  0.409	      	
 5396122	  15.444	  2.820	      	
 5425950	   0.378	       	      	
 5435816	 181.852	178.610	      	
 5439790	   0.796	       	      	
 5444392	   1.520	       	      	
 5450814	   6.488	  6.702	      	
 5456023	 131.978	133.390	      	
 5460835	  21.539	 21.537	      	
 5461570	   0.508	       	      	
 5462901	   5.271	  5.946	 5.912	 6.007
 5471619	   0.963	       	      	
 5473556	  11.259	 16.899	      	
 5474733	   0.884	117.841	      	
 5475624	   1.070	       	      	
 5475712	   2.992	       	      	
 5477805	   5.007	  9.665	      	
 5479973	   1.795	       	      	
 5481426	   4.768	 14.569	      	
 5513861	   1.510	       	      	
 5524325	   0.625	       	      	
 5527172	   3.184	  3.188	 3.122	 3.175
 5529643	   0.760	 34.145	      	
 5530881	   5.083	  5.640	      	
 5534702	   1.025	       	      	
 5534814	   9.719	 12.178	12.153	12.527
 5534965	 243.821	 82.817	      	
 5535061	   0.463	       	      	
 5535280	  74.985	 74.910	      	
 5546761	  17.671	  4.414	      	
 5553624	  25.762	 14.099	13.118	15.648
 5553652	  24.328	179.325	      	
 5560831	   0.868	       	      	
 5563300	  71.055	120.191	      	
 5565486	   2.825	       	      	
 5597970	   6.717	  7.826	      	
 5598639	   1.298	       	      	
 5606644	   0.862	       	      	
 5608566	   4.397	  4.986	      	
 5610698	   4.133	       	      	
 5611561	   0.259	       	      	
 5611763	   0.362	       	      	
 5615528	   0.339	       	      	
 5615815	   0.674	       	      	
 5617953	   0.299	       	      	
 5620981	   0.334	       	      	
 5621294	   0.939	       	      	
 5622250	  16.294	113.509	      	
 5623774	   1.134	 26.421	      	
 5623923	   1.209	       	      	
 5629353	  33.325	  4.700	      	
 5630212	  47.585	 30.262	      	
 5632781	  11.025	       	      	
 5636642	   0.933	  0.899	      	
 5640750	 987.300	 90.460	      	
 5642620	   0.987	 23.622	19.650	25.007
 5643492	  41.865	  8.868	 8.582	 9.252
 5647008	   0.800	  0.797	 0.799	 0.800
 5648449	   4.349	 17.879	      	
 5649206	   4.893	  4.781	 4.798	 4.842
 5649325	 391.100	113.059	      	
 5649956	   2.416	  2.411	      	
 5652260	   8.929	 11.565	10.953	12.120
 5652983	 498.375	 49.000	      	
 5653126	  38.497	 77.014	      	
 5685072	   0.256	       	      	
 5696909	   0.643	  0.490	      	
 5699617	   0.289	       	      	
 5700330	  53.220	       	      	
 5702939	  18.398	 40.172	      	
 5716244	   1.330	       	      	
 5716763	   0.641	  1.246	      	
 5728139	  10.668	 23.744	      	
 5728283	   6.198	  6.069	      	
 5730394	   5.519	  6.457	 6.285	 6.665
 5731312	   7.946	 15.611	      	
 5735878	  16.832	       	      	
 5736461	   7.346	  7.029	 6.675	 6.739
 5737474	   0.398	       	      	
 5738506	   9.501	 16.122	      	
 5738698	   4.809	       	      	
 5768927	   4.391	  4.516	 4.465	 4.660
 5770431	   0.392	       	      	
 5770860	   0.738	       	      	
 5771589	  10.739	 14.487	14.581	14.752
 5771719	  12.265	 16.674	14.928	17.848
 5773205	   0.267	       	      	
 5774375	   1.550	       	      	
 5779852	 504.156	  7.417	      	
 5781192	   9.460	 11.422	      	
 5783368	   1.864	       	      	
 5785551	   0.267	       	      	
 5785586	   0.460	  0.450	 0.459	 0.460
 5786154	 197.921	192.526	      	
 5786545	   0.281	       	      	
 5790912	   0.383	       	      	
 5791886	   0.325	       	      	
 5792093	   0.601	       	      	
 5795648	   4.553	  4.475	 4.434	 4.577
 5796185	  42.559	 14.161	13.502	15.031
 5796675	  16.081	 17.266	16.901	17.234
 5801571	   1.677	 15.305	      	
 5802285	   2.417	 24.152	 2.403	 2.430
 5802470	   3.792	  3.842	 3.778	 3.851
 5802486	   2.148	  1.982	      	
 5807579	  17.844	 16.592	      	
 5809827	   1.222	       	      	
 5809868	   0.439	       	      	
 5816806	   4.455	 27.606	      	
 5817566	   8.412	       	      	
 5858519	   4.183	 42.664	      	
 5866099	  36.977	 30.058	23.980	27.349
 5866104	  36.976	119.250	      	
 5866138	 342.300	142.361	      	
 5871918	  12.643	 12.567	12.447	12.608
 5872150	  20.355	181.737	      	
 5872506	   2.126	       	      	
 5876360	   1.051	  1.042	 1.048	 1.053
 5876805	  18.173	 90.828	      	
 5878081	   0.591	       	      	
 5878836	   0.355	       	      	
 5880320	  12.110	  4.005	      	
 5881838	   0.300	       	      	
 5887316	   0.603	  0.593	 0.603	 0.603
 5897826	  33.804	 33.409	      	
 5903301	   2.320	       	      	
 5942093	  14.387	 14.446	      	
 5952403	   0.906	       	      	
 5955321	  11.638	  5.088	 4.968	 5.134
 5956588	   0.273	       	      	
 5956776	   0.569	       	      	
 5957123	   2.823	       	      	
 5961327	   0.299	       	      	
 5961350	   5.263	       	      	
 5962514	   1.580	       	      	
 5962716	   1.805	       	      	
 5965819	   8.240	  2.105	      	
 5966237	   0.398	       	      	
 5979863	  16.622	 17.552	      	
 5980800	   0.414	       	      	
 5982353	  19.563	 15.754	      	
 5983348	  25.151	 24.479	      	
 5983351	   0.321	       	      	
 5983532	 147.288	 29.690	25.296	29.816
 5984000	   0.323	       	      	
 5986209	  23.738	 18.309	16.836	19.454
 5990753	   7.217	 51.472	      	
 5991936	   0.807	       	      	
 5992270	  58.431	 11.095	10.980	11.113
 6023859	  27.010	 14.446	13.800	15.804
 6024572	   0.415	       	      	
 6025124	  26.838	  9.195	 7.015	 7.089
 6025466	   1.128	  1.124	 1.112	 1.115
 6028860	   0.844	  0.797	      	
 6029130	  12.592	 17.246	17.319	17.651
 6029214	   0.819	       	      	
 6041734	  24.340	 10.769	10.576	11.113
 6042031	   0.537	 39.212	      	
 6042116	   5.407	       	      	
 6042214	  27.046	 15.203	      	
 6042663	  30.972	 61.689	      	
 6044064	   5.063	  5.068	      	
 6044543	   0.532	       	      	
 6045264	   0.909	       	      	
 6046061	   0.297	 16.613	      	
 6047498	   1.037	  2.023	      	
 6048024	  62.816	  4.107	 3.696	 3.856
 6048106	   1.559	       	      	
 6050116	   0.240	       	      	
 6056992	  10.431	  7.499	 7.280	 7.692
 6058614	   1.731	  1.716	      	
 6058875	   1.130	  1.124	 1.120	 1.122
 6060580	   2.313	  2.309	      	
 6061139	   0.322	       	      	
 6063448	  76.018	       	      	
 6066379	   1.304	       	      	
 6067735	   0.446	       	      	
 6072578	   0.270	       	      	
 6103049	   0.643	  0.633	 0.642	 0.643
 6106771	   0.264	       	      	
 6109688	  14.087	       	      	
 6118779	   0.364	       	      	
 6124941	   5.670	 46.119	      	
 6128027	   5.456	  6.334	 6.242	 6.326
 6128141	   1.873	  1.839	 1.870	 1.877
 6128248	   0.292	       	      	
 6131659	  17.528	  2.677	      	
 6137704	 178.268	177.016	      	
 6145939	  17.745	       	      	
 6146838	  27.467	 54.844	      	
 6147122	  15.451	       	      	
 6147573	  25.837	 25.154	      	
 6148271	   1.785	  4.925	      	
 6153219	   0.530	       	      	
 6153672	   3.364	  3.412	 3.329	 3.392
 6182019	   3.665	  4.046	 3.945	 4.023
 6182849	   6.399	  6.906	 7.384	 7.428
 6185717	  11.702	 12.199	      	
 6187341	   0.985	 34.491	      	
 6187893	   0.789	       	      	
 6191574	   1.035	  1.042	 1.033	 1.035
 6191945	   6.807	  7.499	      	
 6197038	   9.752	  9.726	      	
 6200709	   3.724	  4.271	 4.228	 4.264
 6205460	   3.723	       	      	
 6206751	   1.245	       	      	
 6209347	   2.137	  2.125	 2.089	 2.116
 6213131	   0.561	       	      	
 6220470	   8.144	       	      	
 6220497	   1.323	       	      	
 6224853	   0.536	       	      	
 6227560	   4.804	  4.986	      	
 6228703	   8.400	       	      	
 6231401	   6.092	  6.069	 6.055	 6.161
 6233466	  15.873	 78.854	      	
 6233903	   5.991	  5.926	      	
 6268648	 503.250	 11.790	      	
 6268722	   2.638	  2.697	 2.661	 2.694
 6279974	   0.805	  1.594	      	
 6283224	   0.766	  0.756	 0.763	 0.769
 6286155	  14.542	 43.707	      	
 6286161	  14.542	 14.671	      	
 6290382	   6.128	       	      	
 6301030	  11.991	 10.482	      	
 6302051	   0.666	       	      	
 6302592	   1.578	       	      	
 6305192	   8.025	  9.093	 8.793	 9.498
 6307062	  75.379	       	      	
 6307083	 376.940	 23.785	21.966	24.552
 6307537	  29.745	 78.179	      	
 6311637	   1.621	  1.614	 1.613	 1.616
 6311681	   0.845	  0.879	      	
 6312521	   3.016	  2.983	 2.973	 3.018
 6314173	   1.433	       	      	
 6344429	   0.408	       	      	
 6350020	   0.242	       	      	
 6353203	   0.509	       	      	
 6359798	  14.154	  3.412	 3.407	 3.436
 6362386	   4.592	       	      	
 6363494	   1.816	       	      	
 6365321	   0.848	  1.573	      	
 6367628	   3.780	       	      	
 6370120	   1.355	 19.616	18.766	20.078
 6370361	   0.455	       	      	
 6370665	   0.932	       	      	
 6372268	   5.220	  5.211	      	
 6387193	 553.990	 33.715	      	
 6387450	   3.661	  4.046	 4.034	 4.062
 6387887	   0.217	       	      	
 6388770	  21.342	 64.243	      	
 6390205	   0.449	       	      	
 6421188	  16.434	 89.723	      	
 6421483	   2.158	  2.145	      	
 6422170	 624.312	 15.039	14.237	15.847
 6426592	 394.685	 22.558	      	
 6431670	  29.911	 29.179	      	
 6432059	   0.770	  0.776	      	
 6436029	 505.467	 24.909	24.690	25.406
 6443392	   0.777	  0.776	 0.776	 0.777
 6448768	  16.487	       	      	
 6449358	   5.777	       	      	
 6449552	  20.149	 21.271	18.334	21.402
 6452742	   1.376	  1.369	 1.369	 1.378
 6464285	   0.844	  0.838	 0.835	 0.838
 6466939	   2.286	  2.268	 2.248	 2.268
 6467389	   0.289	       	      	
 6468938	   7.217	  7.193	 6.813	 7.329
 6469946	   0.716	  0.715	      	
 6470516	   2.080	       	      	
 6471048	   0.297	       	      	
 6504534	  28.163	 24.418	23.948	24.483
 6504954	 130.355	 15.488	      	
 6516874	   0.916	  0.920	      	
 6521542	   4.426	  4.414	      	
 6522750	  17.446	 14.324	      	
 6523216	  14.313	186.477	      	
 6525196	   3.421	  3.392	 3.307	 3.392
 6525209	  75.132	 75.134	      	
 6526545	   2.101	       	      	
 6527229	 200.800	199.514	      	
 6531485	   0.677	  0.674	      	
 6531496	  14.324	       	      	
 6543674	   2.391	       	      	
 6545018	   3.991	       	      	
 6546508	   6.107	 72.070	      	
 6548447	  10.768	  9.665	 9.411	10.077
 6579806	   9.880	 12.648	12.298	13.069
 6591789	   5.088	  5.190	      	
 6593363	  18.528	 18.738	      	
 6594972	  10.819	 15.509	      	
 6595662	   2.681	  2.718	 2.632	 2.654
 6599919	  13.610	 17.307	17.234	17.509
 6603043	 110.324	109.953	      	
 6603756	   5.204	  5.926	      	
 6606282	   2.107	  2.002	 2.107	 2.111
 6606653	   2.698	       	      	
 6606934	  37.807	  7.336	 7.457	 7.566
 6607610	  63.518	127.526	      	
 6610219	  11.301	 41.685	      	
 6611330	  35.147	 53.965	      	
 6613627	   0.151	       	      	
 6614926	   3.027	  3.004	 2.907	 2.977
 6615041	   0.340	       	      	
 6620003	   3.429	  3.412	      	
 6628237	   3.840	  3.821	      	
 6629332	   4.311	  4.291	      	
 6629588	   2.264	       	      	
 6631721	  13.738	 88.314	      	
 6634112	   9.942	 10.074	10.065	10.165
 6665064	   0.698	 13.322	      	
 6665223	 119.412	116.145	      	
 6669809	   0.734	       	      	
 6671698	   0.472	       	      	
 6672229	  23.832	 11.749	      	
 6675060	  10.443	  6.355	      	
 6677225	   0.525	       	      	
 6678383	 103.512	 45.710	      	
 6690171	  85.062	168.271	      	
 6694186	   5.554	  5.476	      	
 6695889	   1.107	  1.124	      	
 6697716	   1.443	  1.430	 1.439	 1.441
 6698670	  10.816	 32.449	      	
 6699562	  46.271	 46.262	      	
 6706287	   2.535	  2.472	      	
 6707942	   9.014	 13.057	12.699	13.137
 6756202	 290.786	 15.366	14.777	15.634
 6756669	   5.852	 17.532	      	
 6757558	 421.160	  3.290	      	
 6758917	   2.236	  2.227	 2.198	 2.225
 6762188	   7.156	       	      	
 6762829	  18.795	 37.414	      	
 6766748	   7.003	  7.581	      	
 6778050	   0.946	  0.940	 0.941	 0.942
 6778289	  30.130	  2.861	      	
 6781535	   9.122	  8.194	 8.031	 8.250
 6784887	  44.714	 44.566	      	
 6791604	   0.529	       	      	
 6805146	  13.780	  1.839	      	
 6836140	   0.488	       	      	
 6841577	  15.538	 14.998	      	
 6842345	  17.382	 17.430	      	
 6843507	   0.343	       	      	
 6844489	   1.080	       	      	
 6847018	  16.662	  4.352	 4.264	 4.402
 6849046	   4.225	139.235	      	
 6852488	   2.172	       	      	
 6859813	  10.882	  6.661	 6.693	 6.853
 6862603	   2.861	  3.310	      	
 6863161	   1.987	       	      	
 6863229	   1.995	       	      	
 6863840	   3.853	  3.780	 3.759	 3.781
 6864859	  40.878	 40.745	      	
 6865626	   0.727	       	      	
 6866228	   7.702	  8.030	 8.009	 8.068
 6867766	  12.965	  9.972	      	
 6877673	  36.759	 92.033	      	
 6889235	   5.189	       	      	
 6891512	   3.505	  3.515	 3.459	 3.469
 6927629	   7.735	  8.888	 8.877	 9.146
 6933781	 130.420	 32.428	      	
 6934587	   1.571	  1.573	 1.555	 1.558
 6936977	  36.473	 10.482	      	
 6939670	   4.239	  4.209	 4.113	 4.248
 6947164	  70.583	 70.925	      	
 6947666	  56.690	 62.770	      	
 6948480	 175.329	 40.377	      	
 6948815	   1.542	       	      	
 6949550	   7.841	  6.947	 6.934	 7.320
 6956014	   1.851	  3.698	 4.153	 4.211
 6956216	   4.819	       	      	
 6960446	  10.149	 12.894	      	
 6960487	  34.526	 68.923	      	
 6960913	  59.880	 35.779	      	
 6962018	   1.270	  1.267	 1.267	 1.270
 6964043	   5.363	  2.064	      	
 6965293	   5.078	  5.149	 5.069	 5.360
 6966265	   0.313	       	      	
 7009828	  10.642	 11.014	10.980	11.270
 7019489	  24.260	 32.244	      	
 7021177	  18.645	  6.355	      	
 7023917	   0.773	       	      	
 7023960	  30.883	185.149	      	
 7024530	  66.153	 11.116	10.481	11.560
 7025540	   2.148	  2.146	 2.138	 2.152
 7025851	   4.681	  4.781	      	
 7033748	   4.393	       	      	
 7035139	   0.310	       	      	
 7037405	 207.151	 85.903	      	
 7037540	  14.406	 28.730	      	
 7038831	   0.627	  0.613	 0.627	 0.629
 7047299	  35.882	 17.716	16.334	17.116
 7049486	  26.718	  8.807	 8.797	 9.103
 7051984	   0.678	 24.214	21.993	25.223
 7060333	   2.527	       	      	
 7097571	   2.214	       	      	
 7105574	  20.726	  8.746	 8.445	 8.793
 7107567	   0.813	  0.817	      	
 7108433	   1.519	       	      	
 7115291	  52.803	105.948	      	
 7117003	 428.300	113.713	      	
 7117153	   0.360	       	      	
 7117541	   1.586	  1.553	      	
 7118545	  14.797	188.745	      	
 7118621	   0.371	       	      	
 7119757	   0.743	       	      	
 7119876	   0.366	       	      	
 7121885	  33.938	 33.961	      	
 7122259	  20.882	167.393	      	
 7125636	   6.491	  7.417	      	
 7128918	   7.119	  8.173	      	
 7129465	   5.492	  6.089	      	
 7130044	   0.298	       	      	
 7132542	  66.361	 65.469	      	
 7133286	  38.511	 38.231	37.955	40.037
 7136958	  29.016	 87.007	      	
 7137798	   2.254	       	      	
 7174349	   2.974	  2.963	 2.963	 2.981
 7174617	   1.608	  1.594	 1.581	 1.592
 7177553	  17.996	 11.749	11.841	12.069
 7177892	   1.386	       	      	
 7186665	   8.559	 28.975	      	
 7198474	   0.242	       	      	
 7199353	   0.282	       	      	
 7199774	   4.708	  4.761	      	
 7200102	  14.666	  6.661	 6.595	 6.716
 7203179	   2.246	       	      	
 7212066	   3.840	  4.066	 4.051	 4.067
 7212722	   2.316	  2.309	      	
 7219906	  35.090	142.443	      	
 7220320	   0.752	       	      	
 7255336	   2.406	  2.411	      	
 7257373	  10.467	 12.199	11.809	12.298
 7258889	   0.904	       	      	
 7259917	   0.385	       	      	
 7269493	   1.908	 20.536	18.548	22.444
 7270230	   6.998	  8.071	      	
 7272739	   0.281	       	      	
 7284688	   0.646	  0.654	 0.643	 0.648
 7287391	   4.286	  4.986	 4.979	 5.032
 7295570	   3.604	  3.596	      	
 7296094	   0.891	  0.879	      	
 7336754	  12.155	 13.915	13.247	14.272
 7339123	   0.347	       	      	
 7339345	   0.260	       	      	
 7348206	   0.401	       	      	
 7353970	 198.443	 98.776	      	
 7357531	 502.124	 27.790	      	
 7362696	   4.931	  2.759	      	
 7362751	   0.338	       	      	
 7362852	   7.037	  7.213	 7.143	 7.384
 7365447	   2.525	       	      	
 7366145	   0.864	       	      	
 7367833	   0.286	       	      	
 7368103	   2.183	       	      	
 7369523	   5.319	  5.190	      	
 7374746	   2.734	  2.677	 2.658	 2.671
 7375348	  25.309	 10.033	      	
 7375795	  19.301	 74.154	      	
 7376500	   5.877	  3.617	      	
 7376983	   5.645	 32.571	30.597	33.589
 7377033	   3.914	  3.964	      	
 7377343	  15.909	  2.023	      	
 7377422	 107.623	 53.025	54.478	59.470
 7378178	   0.624	       	      	
 7382250	   1.419	       	      	
 7383021	   0.466	  7.029	 6.959	 7.259
 7385478	   1.655	       	      	
 7422883	  11.415	       	      	
 7431703	   0.573	       	      	
 7432479	   0.408	       	      	
 7433513	   0.701	       	      	
 7436177	  19.934	119.860	      	
 7440742	   0.284	       	      	
 7449844	   1.152	  1.389	      	
 7455553	   6.516	 13.078	      	
 7456521	 276.430	 72.253	      	
 7458285	   0.661	       	      	
 7466863	  11.971	 58.624	      	
 7501230	   0.893	       	      	
 7506446	   0.353	       	      	
 7512381	   0.424	       	      	
 7515679	   5.590	       	      	
 7516345	   0.492	       	      	
 7518816	   0.467	       	      	
 7523733	   3.121	       	      	
 7532973	   2.145	       	      	
 7541502	  44.827	       	      	
 7549265	   1.962	       	      	
 7552344	   2.001	 14.038	      	
 7584739	   0.912	       	      	
 7584826	   0.622	       	      	
 7590728	   0.477	       	      	
 7593110	   3.549	  4.087	 4.050	 4.089
 7597095	   0.301	       	      	
 7597703	   9.218	  9.645	      	
 7598128	  44.258	  3.739	      	
 7599004	   4.823	  5.456	      	
 7601633	  15.664	  9.358	 9.301	 9.472
 7601767	   0.487	       	      	
 7605600	   3.326	  3.903	 3.809	 3.993
 7610340	   1.518	       	      	
 7610486	   0.458	       	      	
 7620844	  58.622	176.220	      	
 7624297	  18.020	 18.431	      	
 7627059	   0.324	       	      	
 7630658	   2.151	       	      	
 7657914	   0.475	       	      	
 7668648	  27.819	 55.906	      	
 7670485	   8.468	  9.910	 9.768	 9.997
 7670617	  24.704	 24.766	      	
 7671594	   1.410	  1.410	      	
 7672940	1064.270	  5.517	      	
 7674050	 472.222	 16.347	      	
 7676610	   1.226	       	      	
 7677005	  38.058	 36.719	      	
 7678434	  10.372	 23.376	21.195	23.817
 7681230	   0.963	  0.899	      	
 7684873	   2.947	  5.864	 5.695	 5.936
 7685689	   0.325	       	      	
 7690843	   0.786	       	      	
 7691527	   4.800	  4.659	      	
 7695093	   4.033	  3.985	      	
 7696778	   0.331	       	      	
 7697065	   0.273	       	      	
 7698650	   0.599	       	      	
 7700578	   1.507	       	      	
 7707742	   0.758	       	      	
 7708193	   7.942	  8.950	      	
 7709086	   0.409	       	      	
 7732791	   2.064	  2.064	 2.047	 2.068
 7733540	   0.773	  1.553	 1.545	 1.547
 7733731	   4.858	 14.017	      	
 7740302	   1.154	       	      	
 7740566	   0.297	       	      	
 7743464	  55.249	110.198	      	
 7750740	   5.874	  5.967	 5.932	 6.159
 7751562	  17.042	101.392	      	
 7763269	   6.408	  4.863	      	
 7766185	   0.835	       	      	
 7767559	   4.409	  5.108	 5.024	 5.224
 7767733	  25.198	 25.215	      	
 7767774	   0.173	       	      	
 7768447	 122.500	  1.063	      	
 7769072	   0.609	  4.128	      	
 7770471	   1.158	       	      	
 7770569	 903.590	181.982	      	
 7777443	   0.885	       	      	
 7778437	   5.014	  2.616	      	
 7798259	   1.734	  1.737	 1.721	 1.740
 7802136	  10.980	 14.773	13.920	15.347
 7811211	   0.902	  0.899	 0.901	 0.903
 7812175	  17.794	 32.673	      	
 7812455	   0.904	  0.858	      	
 7813039	 141.734	 36.842	      	
 7816680	   8.585	 11.034	11.056	11.263
 7818448	   0.619	       	      	
 7821010	  24.238	156.848	      	
 7821450	   0.315	       	      	
 7830321	   2.027	  2.023	      	
 7830637	 121.599	122.622	      	
 7831363	   2.817	  2.779	      	
 7836330	   0.658	  0.654	 0.655	 0.659
 7837302	  23.837	 23.805	      	
 7837526	  28.297	 25.767	20.549	24.046
 7838639	   4.226	  4.209	 4.147	 4.228
 7838906	   5.615	  2.043	 2.096	 2.112
 7839027	   0.721	       	      	
 7840035	  13.542	  5.783	 5.762	 5.839
 7842610	   1.944	  1.941	      	
 7846730	  11.028	 14.957	13.713	14.179
 7847927	  70.376	 70.823	      	
 7866921	  91.500	 91.256	      	
 7871200	   0.243	       	      	
 7877062	   0.304	       	      	
 7877824	   9.449	  8.337	 8.701	 8.788
 7878402	   0.374	       	      	
 7879399	   0.393	       	      	
 7885570	   1.729	  1.716	 1.704	 1.706
 7886329	   0.567	  0.572	      	
 7890379	   0.345	       	      	
 7898576	   8.647	 62.875	      	
 7905209	   0.420	       	      	
 7906882	  52.514	 39.416	      	
 7918172	 191.807	 41.337	      	
 7919653	   4.210	  4.189	 4.179	 4.285
 7938468	   7.227	       	      	
 7938870	   0.581	       	      	
 7940533	   3.906	  3.862	      	
 7941050	   0.298	       	      	
 7941635	   0.763	  0.756	 0.760	 0.763
 7943535	   4.719	  4.659	      	
 7943602	  14.692	 14.590	14.413	14.629
 7947631	   2.517	  2.472	      	
 7950775	   8.967	  8.173	 7.980	 8.239
 7950962	   0.827	       	      	
 7950964	   0.827	       	      	
 7955301	  15.324	 15.325	      	
 7959612	   0.243	       	      	
 7960547	   6.767	  6.947	      	
 7967100	   1.927	  1.941	 1.915	 1.927
 7970629	   2.051	       	      	
 7970760	   7.649	  8.316	      	
 7971389	  26.350	 12.035	11.738	12.491
 7972785	   7.301	  7.295	      	
 7975727	  22.418	112.099	      	
 7975824	   0.404	       	      	
 7977261	   0.926	       	      	
 7985167	   1.384	  1.369	 1.368	 1.372
 7987749	  17.031	 17.409	17.545	17.995
 8005892	 958.000	 20.842	19.672	21.560
 8008128	  14.854	  9.093	 8.662	 9.912
 8009500	  38.477	115.368	      	
 8013439	   8.256	 10.074	      	
 8016211	   3.175	  3.147	      	
 8016214	   3.175	  3.106	      	
 8019043	   1.986	  1.982	 1.963	 1.989
 8022489	 197.511	 72.764	      	
 8023317	  16.579	132.982	      	
 8028158	   0.271	       	      	
 8029708	   0.314	       	      	
 8043714	   6.815	  8.746	      	
 8043961	   1.559	       	      	
 8044608	 106.176	106.337	      	
 8052474	 245.440	 99.369	      	
 8053107	   0.389	       	      	
 8054233	1058.000	 39.416	      	
 8059303	   0.373	       	      	
 8074045	   0.536	       	      	
 8074805	 170.874	170.845	      	
 8075618	  17.561	  7.928	 7.900	 8.120
 8081389	   1.489	       	      	
 8081482	   2.819	  2.779	 2.745	 2.775
 8087799	   0.926	       	      	
 8088354	   2.898	  2.943	 2.876	 2.968
 8094140	   0.706	  0.715	 0.705	 0.707
 8095099	   4.206	  4.148	 4.134	 4.179
 8097553	   0.391	       	      	
 8097825	   2.937	  2.902	 2.872	 2.879
 8097902	   0.332	       	      	
 8098300	   4.306	  4.025	 4.306	 4.332
 8104030	  46.840	 61.648	      	
 8106973	 439.108	 37.945	      	
 8108437	 351.290	 75.727	      	
 8108785	   0.229	       	      	
 8111381	   2.234	  2.227	      	
 8111622	  15.446	  6.743	 6.560	 6.973
 8112013	   1.791	       	      	
 8112324	   0.576	  0.572	      	
 8113154	   2.587	       	      	
 8127648	   2.047	  2.043	 2.034	 2.048
 8128067	  12.430	  3.269	 3.213	 3.244
 8128965	   7.140	  7.234	 7.155	 7.394
 8129189	  53.647	 55.539	      	
 8143170	  28.786	 86.843	      	
 8143757	   0.357	       	      	
 8145477	   0.566	       	      	
 8145789	   1.671	  1.655	 1.667	 1.671
 8153568	   3.607	       	      	
 8155368	   0.719	  0.715	 0.716	 0.720
 8155584	  26.018	  8.950	      	
 8166095	   0.799	       	      	
 8167978	  22.053	  7.172	      	
 8176653	   2.867	 21.455	22.706	25.742
 8177798	   2.900	       	      	
 8179747	  17.946	 15.162	14.954	16.168
 8180020	   5.803	  6.518	      	
 8182360	   0.695	       	      	
 8183389	  32.440	 32.612	      	
 8183540	   0.684	       	      	
 8192840	   0.434	       	      	
 8193315	   2.624	       	      	
 8195877	   1.510	  1.512	 1.487	 1.490
 8196180	   3.672	       	      	
 8197406	   2.513	       	      	
 8197761	  19.738	       	      	
 8210721	  22.673	 21.946	      	
 8211605	  20.980	 86.475	      	
 8211618	   0.337	       	      	
 8211824	   0.841	  0.838	 0.839	 0.844
 8218274	   1.187	       	      	
 8219268	   6.247	 71.620	      	
 8222813	   8.704	 40.357	      	
 8223328	  35.516	  7.254	 7.109	 7.504
 8223655	 280.158	 32.142	      	
 8229048	   5.479	  5.824	 6.256	 6.388
 8230809	   4.078	  4.025	      	
 8231877	   2.616	  2.616	 2.614	 2.620
 8234477	   4.029	       	      	
 8240109	   2.301	       	      	
 8240861	   0.898	       	      	
 8241079	  10.919	  9.604	      	
 8241252	   0.354	       	      	
 8242493	   0.283	       	      	
 8242681	   4.021	  3.964	 3.933	 3.979
 8243263	   3.519	       	      	
 8244173	   2.184	  2.186	 2.167	 2.186
 8246781	 185.023	184.413	      	
 8248812	   0.685	       	      	
 8257407	  89.698	 89.888	      	
 8257903	   0.515	       	      	
 8262223	   1.613	       	      	
 8263746	  10.994	 10.585	      	
 8263752	  10.994	 20.904	      	
 8263940	   0.515	       	      	
 8264097	   2.897	  2.820	      	
 8265951	   0.780	       	      	
 8279765	   2.758	  2.738	 2.732	 2.755
 8280135	   0.287	       	      	
 8285254	   7.536	  7.479	 7.419	 7.527
 8285349	   0.667	       	      	
 8285970	   0.562	  0.552	      	
 8288404	 519.799	 64.754	      	
 8288719	   1.510	  1.512	 1.509	 1.512
 8288741	   0.220	 33.123	      	
 8294484	   1.013	  1.022	      	
 8296467	  10.303	  9.297	 9.242	 9.477
 8299947	   5.366	  5.660	 5.515	 5.736
 8301013	   4.428	  4.352	 4.245	 4.314
 8302455	   4.884	  4.924	      	
 8308347	 164.950	164.634	      	
 8311255	   0.579	       	      	
 8312222	  12.823	 12.873	12.820	13.187
 8314801	  37.183	 37.373	      	
 8314879	   0.878	       	      	
 8316503	   5.065	  4.986	 5.066	 5.158
 8323764	   6.714	  6.232	 5.922	 5.995
 8330092	   0.322	       	      	
 8330575	   1.914	       	      	
 8332986	 302.390	 77.525	      	
 8345358	   9.381	 11.872	11.905	12.078
 8356054	  17.081	 17.594	16.708	19.052
 8358008	  10.065	 18.206	      	
 8364119	   7.736	  9.032	 8.954	 9.175
 8364969	  22.572	  8.010	 7.672	 8.027
 8365739	   2.389	  2.391	 2.340	 2.368
 8374499	   5.252	  5.619	 6.044	 6.269
 8374580	 176.243	 42.706	      	
 8378656	   3.629	       	      	
 8378922	  43.263	 21.823	      	
 8379547	   6.042	  6.028	      	
 8380743	   2.038	       	      	
 8381592	   5.784	  5.946	 5.663	 5.751
 8386048	   0.817	       	      	
 8394040	   0.302	       	      	
 8397675	   0.553	  0.531	      	
 8409588	   2.722	  2.718	 2.708	 2.732
 8410637	 408.320	 91.767	      	
 8411947	   1.798	  1.778	 1.767	 1.807
 8414159	  11.931	 71.252	      	
 8414914	 100.302	 99.920	      	
 8415863	  27.534	 27.647	      	
 8428136	   0.468	       	      	
 8429415	   1.353	 20.740	      	
 8429450	   2.705	       	      	
 8429817	   6.263	  5.824	 5.667	 5.858
 8430105	  63.327	119.353	      	
 8431389	   0.351	       	      	
 8432040	   5.328	       	      	
 8432859	   0.351	       	      	
 8435232	  49.568	 48.755	      	
 8435247	   0.696	  0.695	 0.695	 0.696
 8443179	 574.730	  4.005	      	
 8444552	   1.178	  1.165	      	
 8445775	  26.508	 92.789	      	
 8453191	  11.554	 76.912	      	
 8453324	   2.525	  2.513	      	
 8454250	   5.083	  1.103	      	
 8455359	   2.964	       	      	
 8458207	   3.530	  3.617	 3.616	 3.702
 8460600	   6.352	  8.582	      	
 8474892	 199.440	197.919	      	
 8479107	   0.768	  0.776	 0.765	 0.767
 8479386	  11.721	 11.443	11.922	12.801
 8480642	  31.591	 79.242	      	
 8488876	   5.802	       	      	
 8491745	 111.320	111.751	      	
 8494410	 208.868	 29.057	      	
 8495415	   2.237	 40.867	      	
 8496820	   0.437	       	      	
 8504570	   4.008	       	      	
 8506766	  48.937	  3.269	      	
 8507073	 209.063	 41.868	      	
 8509346	   6.099	       	      	
 8509781	  70.336	 20.638	18.806	20.917
 8523194	   0.879	       	      	
 8539720	   0.744	       	      	
 8539850	   0.642	       	      	
 8543278	   7.549	  8.889	 8.603	 9.108
 8545456	   0.315	       	      	
 8552540	   1.062	  1.063	 1.059	 1.062
 8552719	  88.407	 18.390	17.457	17.776
 8553788	   1.606	       	      	
 8553907	  42.032	 41.950	      	
 8554005	   0.608	       	      	
 8554498	   4.780	 48.264	      	
 8555795	   0.235	 24.725	      	
 8559589	 223.113	  4.271	      	
 8559863	  22.470	 44.443	38.881	43.625
 8560285	  85.341	 85.249	      	
 8560840	  31.974	147.653	      	
 8560861	  31.973	       	      	
 8561192	   2.743	       	      	
 8564672	   0.435	 36.535	      	
 8565912	   1.012	       	      	
 8569819	  20.850	       	      	
 8572936	  27.796	 14.569	      	
 8574270	  15.120	 99.696	      	
 8579707	   0.789	       	      	
 8579812	   0.661	       	      	
 8580438	   6.496	  7.581	 7.550	 7.736
 8581658	   3.482	  3.801	      	
 8587078	   0.584	       	      	
 8587792	   0.368	       	      	
 8589754	   8.939	 31.631	      	
 8590527	   0.740	  0.736	 0.737	 0.738
 8590780	   8.654	  3.801	      	
 8604993	   6.570	  6.457	 6.440	 6.570
 8605074	  37.602	 37.271	      	
 8608310	   0.950	       	      	
 8608490	   1.083	  1.083	 1.079	 1.083
 8610483	  48.799	 97.407	      	
 8616873	   0.576	  0.572	 0.576	 0.576
 8618226	   5.882	  6.028	 5.956	 6.205
 8620561	   0.782	  0.776	 0.781	 0.782
 8621026	   4.059	  4.087	 4.732	 4.855
 8621353	  11.344	 11.545	      	
 8624520	  10.241	 30.998	      	
 8624778	   0.276	       	      	
 8625469	   0.302	       	      	
 8625821	  45.396	 24.132	      	
 8626039	   0.283	       	      	
 8631160	 161.965	162.059	      	
 8647309	   1.022	       	      	
 8652599	   1.361	       	      	
 8668810	 313.100	 80.488	      	
 8669092	   1.001	  1.001	 0.997	 1.001
 8678664	  15.420	 17.123	15.919	18.626
 8682849	   0.353	       	      	
 8686150	  51.426	153.722	      	
 8687088	   0.905	 11.095	      	
 8690001	  19.359	 69.087	      	
 8690104	   0.409	       	      	
 8694926	   0.371	       	      	
 8695779	  10.239	       	      	
 8696274	   0.391	       	      	
 8696327	   0.879	       	      	
 8700506	  43.798	 83.778	      	
 8700558	   4.792	134.167	      	
 8701327	   8.509	  3.739	      	
 8703129	 253.362	 81.980	      	
 8703528	   0.400	       	      	
 8711548	  18.778	 37.557	      	
 8719419	  12.625	       	      	
 8719897	   3.151	  3.126	 3.104	 3.112
 8733497	  76.820	 15.530	15.227	15.676
 8736072	   0.478	       	      	
 8736245	   5.069	  5.068	 4.940	 5.060
 8738115	  37.594	111.772	      	
 8742270	 397.395	 41.868	      	
 8746310	   6.856	  8.500	 8.325	 8.722
 8758161	   0.998	       	      	
 8760135	 184.654	184.025	      	
 8773948	  33.470	 34.962	      	
 8780968	   5.234	 62.527	      	
 8784288	   3.655	  3.678	 3.713	 3.742
 8801343	   2.740	       	      	
 8804824	   0.457	       	      	
 8822555	   0.853	       	      	
 8823397	   1.507	       	      	
 8823666	   0.432	       	      	
 8823868	  23.876	  1.389	      	
 8841616	   1.680	       	      	
 8842170	   0.349	       	      	
 8845026	  66.468	  3.821	 4.272	 4.337
 8845221	   5.403	       	      	
 8846978	   1.379	       	      	
 8848104	   0.825	  0.817	 0.823	 0.826
 8848271	   9.992	 13.977	13.575	14.377
 8848288	   5.566	 50.062	      	
 8868364	 421.428	 40.418	      	
 8868649	   4.447	151.229	      	
 8868650	   4.447	       	      	
 8868907	 157.324	156.869	      	
 8869680	   7.034	 80.713	      	
 8878681	   2.496	       	      	
 8879427	  16.313	  9.706	 9.571	 9.968
 8879915	   3.443	  3.780	      	
 8891278	  12.719	 12.260	      	
 8892720	  61.491	 62.139	      	
 8892910	  10.810	       	      	
 8893936	   4.244	       	      	
 8904448	   0.866	       	      	
 8906039	   2.347	       	      	
 8906676	   8.210	 16.081	15.442	16.273
 8913061	   1.020	       	      	
 8935352	  10.909	 10.830	      	
 8937019	   5.664	 19.923	      	
 8938628	   6.862	 20.413	19.304	21.993
 8939650	   3.655	  3.617	 3.578	 3.604
 8940961	   3.167	  3.106	      	
 8948424	   5.889	  5.619	      	
 8949316	   0.604	  0.613	      	
 8953059	   5.500	  5.333	 5.230	 5.443
 8953257	   3.222	  3.188	 3.158	 3.194
 8953296	   0.784	       	      	
 8953426	   5.332	  5.272	 5.116	 5.443
 8957887	   0.347	       	      	
 8957954	   4.360	  4.393	 4.253	 4.339
 8971432	   0.624	  0.633	 0.624	 0.625
 8972908	   4.200	       	      	
 8973000	  28.028	 12.097	11.857	12.456
 8977179	   3.196	       	      	
 8977390	   0.653	       	      	
 8982501	   0.414	       	      	
 8982514	   0.414	       	      	
 8984706	  10.135	 12.955	12.482	13.778
 9001468	  17.330	  7.295	 7.274	 7.441
 9002237	   4.350	  4.434	 4.398	 4.417
 9005043	   0.320	       	      	
 9005854	   3.780	  3.719	      	
 9007918	   1.387	       	      	
 9016295	  19.974	 59.523	      	
 9020426	   0.913	  0.899	 0.901	 0.903
 9021397	   0.426	       	      	
 9024857	  35.027	 21.128	15.214	17.651
 9025914	  11.320	  6.743	      	
 9026766	   0.272	       	      	
 9027841	   0.504	 84.186	      	
 9028474	 124.937	124.849	      	
 9029486	   6.277	  6.968	 6.776	 6.899
 9030509	   0.402	       	      	
 9032671	   0.250	       	      	
 9032900	  67.524	  7.417	 7.202	 7.332
 9048145	   8.668	       	      	
 9051723	   0.403	       	      	
 9053086	   1.275	       	      	
 9071104	   0.385	       	      	
 9071386	   4.693	       	      	
 9075704	   0.513	       	      	
 9083523	   0.918	       	      	
 9084778	   1.184	  1.185	      	
 9087918	   0.446	       	      	
 9091810	   0.480	       	      	
 9097120	  23.900	 96.855	      	
 9098590	   2.244	  2.227	 2.211	 2.216
 9098810	   8.258	  7.703	      	
 9101279	   1.811	       	      	
 9101400	   1.658	       	      	
 9108058	   2.175	       	      	
 9110213	   0.337	       	      	
 9110346	   1.791	  1.778	      	
 9117416	  20.035	 15.816	      	
 9119405	  18.646	 92.953	      	
 9119652	   2.216	  2.186	      	
 9137992	   1.470	  1.471	 1.467	 1.475
 9140402	   2.494	130.734	      	
 9142964	   0.589	       	      	
 9143254	   2.275	  2.268	 2.265	 2.271
 9145707	   0.321	       	      	
 9149789	   0.705	109.933	      	
 9151972	   0.387	       	      	
 9153621	 305.820	 75.604	      	
 9159301	   3.045	       	      	
 9163674	   1.546	       	      	
 9164561	   1.267	       	      	
 9164694	   1.111	       	      	
 9164836	  48.119	 47.651	      	
 9166862	   3.856	 33.286	      	
 9172506	  50.440	100.697	      	
 9178185	   2.993	  3.412	 3.391	 3.438
 9179531	   6.511	 19.432	      	
 9179806	   0.281	       	      	
 9180282	   3.038	       	      	
 9181877	   0.321	       	      	
 9205993	   1.220	       	      	
 9207508	   2.015	       	      	
 9210828	   1.656	  1.655	 1.642	 1.657
 9214712	 265.301	 18.227	      	
 9214715	 265.300	 18.084	      	
 9220600	   0.979	       	      	
 9221398	  13.788	 13.772	      	
 9236858	   2.537	       	      	
 9237149	   0.526	       	      	
 9238207	   0.231	       	      	
 9240664	  10.784	153.681	      	
 9243795	  14.443	       	      	
 9246715	 171.278	 93.034	      	
 9266285	   5.614	 33.613	32.650	33.653
 9268105	   0.426	       	      	
 9272276	   0.281	       	      	
 9274472	   0.302	       	      	
 9278021	   3.359	  3.290	      	
 9278553	  18.610	166.350	      	
 9282687	   1.680	       	      	
 9283826	   0.357	       	      	
 9284741	  20.729	 22.170	      	
 9285587	   1.812	       	      	
 9288786	   1.744	  1.982	      	
 9291368	   3.796	       	      	
 9291629	  20.686	 20.679	      	
 9291748	  15.927	 13.650	      	
 9307423	   0.559	       	      	
 9328852	   0.646	  0.654	 0.645	 0.646
 9343862	   1.123	       	      	
 9344623	  14.759	191.381	      	
 9345163	   0.245	       	      	
 9345838	   1.046	       	      	
 9346253	  34.065	102.189	      	
 9346655	   0.872	  0.879	 0.871	 0.872
 9350889	   0.726	       	      	
 9353182	  10.476	 11.770	10.494	10.712
 9356753	   0.593	       	      	
 9357275	   1.588	       	      	
 9366988	   1.219	  1.206	 1.202	 1.208
 9388303	   0.267	       	      	
 9389122	   0.350	       	      	
 9392331	   0.262	       	      	
 9392682	   0.893	       	      	
 9392702	   3.909	  3.985	 3.864	 3.927
 9394601	   0.877	       	      	
 9402652	   1.073	       	      	
 9408440	 989.985	 20.863	      	
 9411317	   8.291	  8.889	      	
 9411943	   3.844	  3.862	 3.828	 3.878
 9412462	  10.187	  9.972	 9.801	10.254
 9418619	   6.150	       	      	
 9418994	  32.004	 30.508	      	
 9419603	   1.052	       	      	
 9426071	  28.714	  2.983	 2.984	 2.990
 9426970	   1.771	       	      	
 9446824	   4.202	  4.781	      	
 9451096	   1.250	       	      	
 9451127	   5.117	  5.190	      	
 9453192	   0.719	       	      	
 9468296	   5.749	  5.967	 5.837	 6.036
 9468382	  11.082	  3.433	      	
 9468384	  11.083	 13.384	12.991	13.368
 9470175	   0.304	       	      	
 9472174	   0.126	       	      	
 9474222	  13.692	176.976	      	
 9474485	   1.025	  1.022	      	
 9474969	  21.571	       	      	
 9475663	   0.708	       	      	
 9478836	   0.254	 20.454	18.786	22.795
 9479460	   2.074	       	      	
 9480516	   1.430	       	      	
 9480535	 160.134	  5.640	      	
 9480977	   0.871	       	      	
 9481674	   0.389	       	      	
 9489411	   6.689	       	      	
 9489947	  54.061	 46.772	      	
 9508052	   0.280	       	      	
 9509207	  14.200	 24.132	23.850	24.483
 9512958	   3.237	       	      	
 9514070	   0.607	       	      	
 9517991	 717.000	 16.980	16.901	22.301
 9519590	   0.331	       	      	
 9520700	   4.274	  4.250	      	
 9528420	   4.708	  4.679	 4.564	 4.694
 9528430	  90.083	 90.337	      	
 9529733	   4.809	       	      	
 9529856	  37.482	 21.476	19.135	21.775
 9532123	   8.215	  7.540	 7.350	 7.723
 9532219	   0.198	       	      	
 9532421	   4.309	  4.434	 4.407	 4.443
 9533489	 197.150	       	      	
 9533706	   0.284	       	      	
 9536053	   0.472	       	      	
 9540450	   2.155	  2.125	 2.125	 2.137
 9541127	   0.537	       	      	
 9549472	  15.714	 15.938	      	
 9551200	   0.712	  0.715	 0.711	 0.712
 9552608	   9.251	       	      	
 9569866	   1.480	  1.471	 1.468	 1.470
 9574614	   0.982	195.202	      	
 9576197	   7.964	  9.113	 9.028	 9.094
 9579192	  12.084	 18.656	      	
 9579499	   7.947	 16.061	      	
 9588822	  71.760	 33.940	31.762	32.957
 9592145	   0.489	       	      	
 9592575	   5.275	  5.190	 5.172	 5.238
 9592705	  10.275	 27.197	      	
 9592855	   1.219	       	      	
 9593528	   1.887	       	      	
 9593759	   2.494	  2.513	 2.502	 2.549
 9596089	  20.839	  6.498	      	
 9596187	   0.953	  0.899	      	
 9597095	   2.746	  2.738	 2.723	 2.758
 9597411	   3.151	  3.147	 3.077	 3.089
 9602542	   1.463	       	      	
 9602595	   3.557	       	      	
 9613070	   2.332	       	      	
 9632895	  27.322	 20.577	      	
 9634821	  73.758	 10.789	10.544	11.575
 9635529	   4.704	  4.598	 4.675	 4.699
 9636559	  10.637	186.068	      	
 9637239	   0.773	       	      	
 9637299	   1.882	  1.900	 1.864	 1.883
 9639265	   0.506	       	      	
 9639491	   0.345	       	      	
 9640921	  80.706	  2.922	      	
 9640985	   2.178	  2.146	      	
 9641018	   2.178	  5.333	      	
 9641031	   2.178	  2.166	 2.156	 2.177
 9641255	   2.178	  8.133	      	
 9642018	   0.505	 26.686	25.007	25.554
 9644680	   0.586	       	      	
 9649222	   5.919	  6.764	 6.727	 6.771
 9649493	   0.372	       	      	
 9652632	   4.978	       	      	
 9654476	   0.396	       	      	
 9655129	   2.744	  2.738	 2.683	 2.691
 9656397	 204.740	  6.866	 6.555	 6.929
 9656543	   2.545	  2.534	 2.450	 2.583
 9657096	   2.138	       	      	
 9658118	  24.060	112.896	      	
 9661869	  20.427	 20.434	      	
 9662581	   0.258	       	      	
 9664215	   3.319	  3.310	      	
 9664382	   0.291	       	      	
 9665086	   0.297	       	      	
 9665503	  11.568	 15.959	      	
 9673173	  21.295	       	      	
 9674608	   2.972	  3.024	 3.017	 3.052
 9692336	   0.688	       	      	
 9700181	   2.849	       	      	
 9703626	   0.415	       	      	
 9705459	   2.487	  2.820	 2.790	 2.809
 9706078	   0.614	  0.613	      	
 9711751	   1.712	  1.676	      	
 9714123	  50.355	 50.042	      	
 9714358	   6.474	  7.683	 7.416	 7.713
 9715925	   6.308	 25.297	      	
 9715939	  12.893	103.108	      	
 9717924	   0.396	       	      	
 9719636	   3.352	  4.189	 4.060	 4.179
 9722737	   0.419	       	      	
 9724993	   7.863	 11.341	11.036	11.529
 9752973	   0.717	 11.606	11.070	11.914
 9753154	   3.704	  3.269	      	
 9758089	  92.729	 21.578	20.646	22.502
 9761199	   1.384	  1.349	      	
 9761573	   7.442	       	      	
 9761882	  24.586	196.530	      	
 9762519	   7.515	  7.847	      	
 9767392	   2.915	       	      	
 9767437	   0.713	  0.715	      	
 9772531	  31.202	 37.230	      	
 9772642	   0.275	       	      	
 9774400	  10.818	 10.666	      	
 9775253	   8.788	  9.951	      	
 9776718	   0.544	       	      	
 9777062	  19.230	       	      	
 9777090	   5.508	  6.028	      	
 9777987	   0.259	       	      	
 9783760	  89.740	 18.717	17.440	18.887
 9784230	   0.798	  0.797	 0.796	 0.798
 9785454	 184.520	184.048	      	
 9786017	   4.498	       	      	
 9786165	   0.333	       	      	
 9786798	   0.445	       	      	
 9788457	   0.963	       	      	
 9790965	   0.822	       	      	
 9813678	   0.505	       	      	
 9818732	  45.036	 45.342	      	
 9821078	   8.429	  9.849	 9.774	10.112
 9821151	   8.429	 15.856	13.049	17.049
 9827149	   2.132	 31.979	      	
 9832545	   1.021	       	      	
 9833618	   1.409	       	      	
 9833806	   0.393	       	      	
 9834257	  15.651	 59.952	      	
 9834719	   3.243	  3.208	      	
 9837083	   0.623	  0.572	      	
 9837544	  71.662	 71.988	      	
 9837578	  20.734	 31.693	      	
 9838060	  23.816	 10.769	10.627	10.851
 9838975	  18.693	 15.448	      	
 9839062	 424.615	  2.146	      	
 9839081	   2.559	  2.575	      	
 9840412	   0.878	       	      	
 9842890	   4.988	 12.465	      	
 9842906	   4.989	  8.991	      	
 9843435	   1.685	       	      	
 9846348	  26.893	  9.665	      	
 9847239	  28.508	 10.993	10.811	11.905
 9850387	   2.749	       	      	
 9851142	   8.480	       	      	
 9851943	   2.164	 34.554	      	
 9851944	   2.164	       	      	
 9873869	   4.995	  5.190	 5.117	 5.256
 9880467	   8.973	 16.817	16.488	17.830
 9881258	   4.057	  4.005	      	
 9882280	   0.289	       	      	
 9886224	   2.993	  3.412	 3.386	 3.500
 9886255	 105.961	 41.072	      	
 9892471	   8.268	  9.481	 9.411	 9.698
 9895004	   2.251	 15.203	14.928	17.597
 9895709	   1.819	 29.445	      	
 9896435	  18.077	 28.117	25.894	31.308
 9897710	   0.426	       	      	
 9898364	   7.132	       	      	
 9899181	   1.333	       	      	
 9899345	   1.333	  5.354	      	
 9899416	   1.333	       	      	
 9902856	 271.826	 25.726	      	
 9904059	 102.966	  3.331	      	
 9906590	   1.686	       	      	
 9907505	  39.207	 38.824	      	
 9911112	   2.334	       	      	
 9912977	   1.888	       	      	
 9913481	   7.009	       	      	
 9934208	   9.058	 12.403	12.376	12.773
 9935245	   0.785	       	      	
 9936698	   5.712	  6.314	 6.464	 6.635
 9940565	   4.279	  4.495	 4.202	 4.249
 9941387	  27.660	 27.013	24.586	26.846
 9944201	   0.722	  0.715	      	
 9944421	   7.095	  6.518	      	
 9944907	   0.613	       	      	
 9945280	   1.303	  1.287	 1.284	 1.286
 9947924	   0.363	       	      	
 9948002	 101.263	101.146	      	
 9953894	   1.383	       	      	
 9954225	   1.341	       	      	
 9955262	  77.480	       	      	
 9957351	   0.496	       	      	
 9957411	   0.375	       	      	
 9957659	  30.695	  8.705	      	
 9957668	  30.695	 92.033	      	
 9962595	  11.374	 10.156	      	
 9963009	  40.070	 39.478	      	
 9963461	  10.582	  3.944	 3.906	 4.029
 9965206	  16.228	 24.705	      	
 9966115	   8.947	 11.116	      	
 9967884	   5.428	  5.354	 5.111	 5.186
 9970396	 235.299	 22.743	      	
 9970937	   4.877	       	      	
 9971475	   5.357	  1.962	 1.980	 1.992
 9994475	   0.318	       	      	
 9995660	   0.419	       	      	
10000490	   1.401	       	      	
10001167	 120.391	       	      	
10002261	  12.714	101.330	      	
10006096	  70.516	 21.741	19.918	25.115
10007533	   0.648	       	      	
10014536	   1.009	       	      	
10014830	   3.031	       	      	
10015516	  67.692	 69.699	      	
10019399	  11.806	 11.525	10.912	12.045
10019763	  32.505	 21.026	15.320	16.885
10020423	   7.448	  7.765	      	
10024144	   0.816	       	      	
10026136	   9.080	 17.880	      	
10026457	   9.934	 15.346	      	
10028352	   1.387	       	      	
10030778	  29.473	  6.375	      	
10031409	   4.144	  4.046	 4.046	 4.216
10031808	   8.590	       	      	
10032935	   0.321	       	      	
10033279	  72.491	 14.569	      	
10063044	   1.010	       	      	
10068030	   2.023	  1.982	      	
10068383	   7.305	  8.623	 8.486	 8.904
10068919	  43.562	  4.618	 4.522	 4.754
10074700	 365.650	176.281	      	
10074939	   0.277	       	      	
10083623	   1.279	  1.267	      	
10090246	   2.286	       	      	
10091257	   3.404	  3.392	 3.336	 3.396
10091703	 710.500	 21.292	19.896	21.775
10095469	   0.678	       	      	
10095512	   6.017	  6.539	 6.845	 6.893
10128961	   0.348	       	      	
10129482	   0.846	  0.838	 0.845	 0.846
10152836	 220.930	 28.955	      	
10153011	  83.098	  6.600	      	
10154189	   0.411	       	      	
10155080	   3.861	  3.944	 3.932	 4.005
10156064	   4.856	       	      	
10157573	   5.116	  5.047	 4.941	 4.999
10158418	   5.007	  4.536	 4.488	 4.549
10186945	   0.794	 36.494	      	
10189523	   1.014	  1.022	 1.010	 1.016
10191056	   2.427	       	      	
10191070	   1.214	 93.443	      	
10198097	   2.815	       	      	
10198109	  17.919	 21.067	      	
10206340	   4.564	       	      	
10208759	   4.575	       	      	
10215422	  24.847	 25.338	24.830	27.054
10215869	   5.017	  5.006	 4.620	 4.878
10216186	   0.606	       	      	
10223616	  29.125	 17.737	16.426	19.650
10225800	   1.424	 23.662	      	
10226388	   0.661	       	      	
10227863	   5.140	  4.965	      	
10228240	   2.173	       	      	
10228942	  21.025	 20.986	      	
10229723	   0.629	       	      	
10232123	   1.344	  1.349	 1.341	 1.344
10253375	   0.375	       	      	
10253421	   0.428	       	      	
10255110	   0.337	       	      	
10257903	   0.859	  0.858	 0.850	 0.855
10258558	  20.868	 92.013	      	
10259029	   7.061	  6.314	 6.312	 6.411
10259301	 244.833	 34.369	      	
10259530	   0.707	       	      	
10264202	   1.035	  1.022	 1.032	 1.036
10265602	 165.345	 76.544	      	
10267044	   0.430	       	      	
10268809	  24.709	 20.474	      	
10268903	   1.104	  1.103	      	
10274218	   1.764	       	      	
10274244	  13.684	 20.209	19.454	21.802
10275074	   4.363	  4.393	      	
10275197	   0.391	       	      	
10275747	   0.662	       	      	
10275887	   9.727	       	      	
10285661	   0.308	       	      	
10287248	   4.722	  2.942	 2.919	 2.976
10291683	   2.044	       	      	
10292238	 143.119	 21.374	      	
10292413	   0.559	       	      	
10292465	   1.353	  1.349	 1.332	 1.342
10294608	   3.709	  3.699	 3.656	 3.669
10295951	   6.811	       	      	
10296163	   9.297	       	      	
10319590	  21.320	 63.875	      	
10320341	  30.115	150.780	      	
10322296	   0.315	       	      	
10330495	  18.060	 21.966	21.144	23.466
10332789	  18.741	 19.453	      	
10338279	   5.660	  5.538	      	
10341913	   1.867	 56.029	      	
10342041	   1.867	       	      	
10345478	  14.498	 53.087	      	
10345862	  58.288	 58.215	      	
10346522	   3.989	       	      	
10351767	   0.635	  0.633	      	
10352603	  32.779	 75.176	      	
10352938	   6.472	  6.416	 6.308	 6.658
10363300	   0.935	       	      	
10383620	   0.735	       	      	
10383696	   8.488	101.698	      	
10384962	   2.879	  3.106	 3.074	 3.096
10385682	   6.207	  6.212	 6.072	 6.120
10389596	   2.609	       	      	
10389809	   0.397	       	      	
10389982	   0.444	       	      	
10395202	   0.306	       	      	
10395543	   3.687	 46.813	      	
10395609	   0.364	       	      	
10407221	   0.934	 14.896	14.413	15.096
10418797	  23.355	 20.761	      	
10419211	  11.521	 66.900	      	
10420279	  45.433	 33.328	      	
10422852	   1.399	  1.410	 1.377	 1.387
10447902	   0.337	       	      	
10454401	  12.181	 12.281	12.012	12.554
10454725	   0.832	       	      	
10462826	  50.467	151.433	      	
10464078	  19.404	 52.596	      	
10464666	 131.734	 25.419	23.126	26.481
10468514	   0.425	       	      	
10480952	   4.075	       	      	
10480982	  19.221	 18.411	      	
10481912	   0.442	       	      	
10483644	   5.111	  5.824	      	
10485069	   0.445	  4.863	      	
10485137	   0.445	       	      	
10485250	  16.470	 21.251	20.867	22.387
10486425	   5.275	       	      	
10487119	   6.749	  6.845	 6.794	 7.057
10489521	   3.225	  3.412	 3.170	 3.257
10489539	  19.764	  9.011	 8.211	10.124
10490960	   5.682	  5.435	 5.476	 5.613
10491031	   4.398	       	      	
10491544	  22.772	 22.457	      	
10491554	  22.772	 22.457	      	
10514770	   1.872	  1.859	      	
10518735	  19.515	 12.301	      	
10528299	   0.400	       	      	
10534155	   4.327	  4.536	 4.501	 4.568
10535807	   1.482	       	      	
10544976	   0.350	       	      	
10547209	   2.254	       	      	
10547685	   2.777	  2.738	 2.719	 2.731
10549576	   9.089	       	      	
10551346	   1.428	  1.451	 1.422	 1.428
10555365	   5.802	  7.336	 7.138	 7.310
10556578	   1.253	  1.246	 1.237	 1.248
10557008	   0.265	       	      	
10581918	   1.802	       	      	
10583180	   2.696	118.638	      	
10583181	   2.696	       	      	
10583225	   2.696	 35.534	      	
10586874	   0.535	       	      	
10592163	  14.763	123.644	      	
10593759	   6.265	  6.151	 6.137	 6.176
10596883	   0.469	       	      	
10599397	   0.937	  0.940	 0.935	 0.936
10601549	   1.464	  1.451	 1.440	 1.442
10601579	   8.099	       	      	
10602291	  20.927	 17.103	16.918	17.440
10613718	   1.176	 13.078	12.482	13.327
10614158	   8.925	  8.889	 8.864	 9.151
10616571	  23.673	 12.975	12.727	13.217
10616656	  25.285	 24.950	      	
10616829	   1.073	       	      	
10618253	   0.437	       	      	
10619109	   2.045	       	      	
10651945	  25.367	 20.086	      	
10656508	 124.036	176.260	      	
10657664	   3.274	       	      	
10659313	  15.249	  6.723	 6.580	 6.845
10661783	   1.231	       	      	
10666230	   1.578	 14.099	      	
10666242	  87.239	 87.967	      	
10676927	   1.031	  1.022	 1.016	 1.026
10677186	 100.401	100.208	      	
10680475	   0.350	       	      	
10686876	   2.618	       	      	
10710755	   4.817	  4.884	      	
10711551	  10.692	 10.789	10.692	11.008
10711646	   0.738	  0.736	 0.737	 0.738
10711913	  19.408	 18.697	18.607	19.739
10723143	   0.308	       	      	
10724533	   0.745	       	      	
10727655	   0.353	       	      	
10727668	   2.306	       	      	
10728219	   3.372	  3.433	      	
10735331	 213.399	  4.536	      	
10735519	   0.907	  1.676	      	
10735564	   1.675	       	      	
10735988	   1.927	  1.921	      	
10736223	   1.105	       	      	
10737574	   0.366	       	      	
10743597	  81.195	 24.459	22.618	26.846
10743600	   0.817	       	      	
10748621	 286.180	 91.421	      	
10751515	  56.406	 28.403	      	
10753734	  19.407	  8.889	 8.654	 8.788
10794242	   7.144	  6.968	      	
10794405	   0.952	 24.418	23.529	24.415
10796477	   0.485	       	      	
10797126	   0.432	       	      	
10798605	  56.048	110.423	      	
10798838	  62.128	 22.681	16.441	20.055
10799735	  37.590	 36.842	      	
10802917	   0.272	       	      	
10809677	   7.042	  1.696	      	
10816107	   2.162	  2.146	 2.116	 2.121
10844279	   0.623	       	      	
10845188	 249.362	193.690	      	
10847118	   0.294	       	      	
10848459	   3.474	  3.453	      	
10848807	   0.346	       	      	
10849244	  24.262	145.201	      	
10854621	   0.376	       	      	
10857342	   2.416	       	      	
10857519	   2.053	  8.623	 8.001	 8.552
10857589	  32.533	 97.652	      	
10858117	 606.110	 48.448	      	
10858720	   0.952	       	      	
10861842	   0.472	       	      	
10874226	  11.974	  5.946	      	
10874926	  11.703	 16.674	14.752	17.740
10877703	   0.437	       	      	
10879213	   1.337	  1.328	 1.330	 1.345
10880490	   0.298	       	      	
10904857	   3.121	  4.005	 3.845	 3.860
10905804	   0.751	       	      	
10909274	  39.238	196.182	      	
10916675	   0.419	       	      	
10919564	   0.462	  0.450	      	
10920086	   3.213	       	      	
10920314	   0.505	       	      	
10920813	  53.741	 53.740	      	
10923260	   7.436	  4.598	 4.553	 4.720
10924462	   0.375	       	      	
10924853	   4.205	 37.537	      	
10925104	   8.041	 34.492	28.693	35.068
10934755	   0.786	       	      	
10935310	   4.129	  3.985	 3.945	 3.959
10936427	  14.361	 16.919	16.644	17.794
10937609	   2.570	       	      	
10960995	   3.117	  3.085	 3.039	 3.146
10963242	   6.147	  3.985	      	
10965091	   0.236	       	      	
10965963	   6.640	  6.437	 6.225	 6.640
10972830	   0.678	       	      	
10973583	   6.256	 22.313	      	
10979716	  10.684	 13.486	      	
10987439	  10.675	 13.548	13.327	14.678
10989032	   2.305	       	      	
10991989	   0.974	  0.960	 0.961	 0.963
10992733	  18.526	 15.468	15.634	15.904
11012801	   0.367	       	      	
11013201	   0.227	       	      	
11017077	   0.709	       	      	
11021252	   3.269	  3.228	 3.171	 3.271
11027722	   0.678	  8.807	      	
11042923	   0.390	       	      	
11044779	  15.609	  9.073	 8.909	 9.252
11045383	  41.167	 21.823	21.221	23.915
11069176	  15.380	 14.998	14.111	16.079
11071207	   8.050	 15.795	      	
11073223	  11.579	  6.886	 6.752	 6.967
11076176	   0.700	  0.695	      	
11076279	   1.473	       	      	
11084647	   0.312	       	      	
11084782	   0.587	       	      	
11086270	  12.691	 25.052	      	
11091082	   0.385	       	      	
11097678	   1.000	       	      	
11099351	   2.378	  2.350	 2.350	 2.367
11100657	   8.344	 10.380	      	
11124509	   8.893	 12.342	11.522	11.905
11125936	   2.672	 13.404	      	
11134079	   1.261	  1.267	 1.253	 1.256
11135978	   0.292	       	      	
11138155	   4.959	 21.844	      	
11144556	   0.643	       	      	
11147276	   3.133	  3.085	 3.052	 3.106
11147460	   4.108	  4.536	 0.729	 0.730
11147814	  95.178	 94.505	      	
11154110	   0.530	       	      	
11175495	   2.191	       	      	
11180361	   0.533	       	      	
11182260	   1.292	  1.287	 1.285	 1.294
11187837	  17.605	 39.478	      	
11189127	   2.672	  2.656	 2.624	 2.649
11193447	   0.626	  0.633	      	
11197126	   4.495	 49.449	      	
11197853	   0.698	 40.459	      	
11198068	   0.400	       	      	
11198723	   6.840	  7.254	 6.837	 7.283
11200405	   4.640	  4.924	      	
11200773	   2.490	  2.472	 2.463	 2.496
11228612	   2.980	  2.963	 2.946	 2.953
11230837	   0.446	       	      	
11231334	   4.157	  3.106	 2.910	 2.932
11232745	   9.634	 13.037	12.727	13.481
11233911	   4.960	  4.843	 4.772	 4.848
11234677	   1.587	  1.594	 1.584	 1.588
11235323	  19.668	 23.826	      	
11236035	   2.319	       	      	
11241814	 227.664	  4.598	      	
11242721	  19.651	 20.372	      	
11245381	   0.307	       	      	
11246163	   0.279	       	      	
11247386	   0.394	       	      	
11249624	  65.584	 66.103	      	
11250867	   2.253	  2.227	 2.208	 2.220
11252617	   4.478	  4.495	 4.480	 4.530
11255761	   4.993	 39.273	      	
11285136	   2.368	  2.697	      	
11285625	  10.790	       	      	
11287726	   4.738	  4.659	      	
11295347	   0.888	       	      	
11303526	   0.720	       	      	
11303811	   1.690	  1.696	      	
11304987	   1.385	  1.369	      	
11305087	   0.309	       	      	
11341950	   0.288	       	      	
11342573	  91.056	 12.485	      	
11347875	   3.455	  3.453	      	
11350389	   1.513	  1.512	 1.507	 1.512
11357192	 186.517	 30.487	23.498	35.423
11358392	   0.985	  0.981	      	
11359305	  28.487	 56.948	      	
11391181	   8.617	  7.908	 7.886	 8.169
11391667	   1.084	  1.083	 1.083	 1.084
11391755	  25.104	  4.802	      	
11392618	 110.930	  6.457	      	
11395117	   0.307	       	      	
11395645	   0.497	       	      	
11401845	   2.161	       	      	
11402381	   0.417	       	      	
11403216	   4.053	  4.046	 4.013	 4.032
11403776	   0.402	       	      	
11404644	   5.903	  5.721	 5.721	 5.908
11404698	   0.590	  0.593	      	
11404758	   0.351	       	      	
11405559	   0.285	       	      	
11408935	  15.995	 15.182	15.307	16.050
11409698	  10.268	 92.830	      	
11413213	   0.237	       	      	
11442348	   0.313	       	      	
11442465	  33.934	 33.838	      	
11442793	 842.400	 14.242	      	
11444780	   0.287	       	      	
11449844	  38.479	 11.034	10.932	11.417
11455484	   6.143	  5.967	 5.958	 6.074
11455795	   1.057	  1.063	      	
11457191	   2.298	  2.289	 2.252	 2.309
11463211	   1.506	 16.183	      	
11465813	 670.700	 27.851	      	
11495766	   8.340	119.270	      	
11495781	   0.508	       	      	
11496078	   0.300	       	      	
11498689	   0.306	       	      	
11499263	  46.698	 46.956	      	
11499757	  12.314	 40.479	      	
11502172	  25.432	 91.175	      	
11502581	   0.334	       	      	
11506235	  20.413	 10.196	10.135	10.382
11509282	   0.634	       	      	
11515292	   3.419	       	      	
11517719	   2.496	  2.472	 2.469	 2.480
11519134	  58.585	  5.517	 5.526	 5.691
11519226	  22.161	  5.313	 5.302	 5.336
11521048	  25.703	  7.254	      	
11546211	   2.194	  2.186	      	
11547869	  10.727	  9.747	      	
11548140	   2.757	  1.369	 1.377	 1.379
11558882	  73.921	 74.072	      	
11560037	   1.467	 20.413	16.550	18.548
11560447	   0.528	       	      	
11564013	   1.751	  1.737	      	
11566174	   0.277	       	      	
11568987	  15.960	 13.261	      	
11599264	   8.428	  8.439	      	
11604958	   0.299	       	      	
11612091	   0.454	       	      	
11615481	  65.432	 63.792	      	
11616200	   1.719	  1.716	 1.697	 1.700
11616594	  14.588	       	      	
11618883	   0.685	       	      	
11619964	  10.369	 50.716	      	
11652545	   0.413	       	      	
11656302	  22.265	 63.344	      	
11656840	   7.443	 10.401	      	
11662440	  13.639	  8.214	      	
11671429	 112.464	161.364	      	
11671660	   8.710	       	      	
11673686	   4.619	  4.741	 4.727	 4.885
11703960	   0.604	       	      	
11704044	  13.765	 19.943	19.411	20.477
11706658	   1.408	  1.410	 1.405	 1.412
11717798	   0.375	       	      	
11722816	   0.320	       	      	
11724091	   1.559	       	      	
11724210	   5.746	  5.721	 5.695	 5.722
11761199	 213.623	116.860	      	
11768970	  15.541	  8.889	      	
11769146	 282.966	135.863	      	
11769739	   0.252	       	      	
11774383	   0.520	  0.511	      	
11805075	 199.840	 12.117	      	
11805235	   0.395	       	      	
11811454	   2.275	       	      	
11817750	   9.763	       	      	
11819135	   1.902	       	      	
11820830	  12.732	       	      	
11824222	  15.841	  6.927	      	
11825057	   0.532	       	      	
11826400	   5.889	       	      	
11853130	  76.879	 19.759	18.806	20.429
11858541	   5.674	  5.578	 5.493	 5.672
11858979	   3.059	  3.024	      	
11867071	   3.964	  3.862	 3.885	 4.043
11869052	  20.545	  1.778	      	
11873166	   1.469	  1.451	      	
11874338	  15.975	134.780	      	
11875511	  67.452	  9.420	 8.886	 9.586
11906217	  37.910	 22.232	21.640	24.313
11909686	 185.954	189.665	      	
11909839	  10.406	156.092	      	
11911561	   8.870	  8.746	 8.413	 9.316
11913012	   3.748	121.948	      	
11913071	   3.748	       	      	
11922782	   3.513	  3.617	 3.476	 3.511
11923819	  33.160	       	      	
11924311	   0.445	       	      	
11924426	  64.713	 64.958	      	
11959569	  46.149	  9.052	      	
11961695	1082.815	 50.757	      	
11966557	  60.298	 61.157	      	
11967004	   1.942	  1.921	 1.906	 1.923
11968490	   1.079	  1.083	 1.075	 1.079
11968513	   1.037	  1.042	 1.026	 1.031
11972387	   0.328	 14.385	      	
11974540	  24.669	  5.538	 5.538	 5.747
11975363	   3.518	  3.494	      	
12004679	   5.042	  5.272	 5.634	 5.849
12004834	   0.262	       	      	
12010534	   2.582	  2.575	 2.530	 2.536
12013615	   8.203	  9.154	 9.361	 9.565
12016304	   1.024	       	      	
12017140	  22.845	 22.518	      	
12019674	   0.355	       	      	
12021387	 241.071	164.859	      	
12022517	   3.443	  3.392	 3.366	 3.385
12022718	   9.255	 17.389	      	
12023089	   0.623	 19.943	19.282	19.850
12055014	   0.500	       	      	
12055255	   0.221	       	      	
12055517	   0.610	       	      	
12062660	   2.929	       	      	
12071006	   6.096	       	      	
12104285	   0.251	       	      	
12105785	  31.953	 63.937	      	
12106934	   5.937	       	      	
12108333	   0.705	       	      	
12109267	  79.332	 12.608	      	
12109575	   0.532	  0.531	 0.531	 0.532
12109845	   0.866	  0.858	 0.865	 0.866
12157987	   0.578	       	      	
12164634	  89.331	179.039	      	
12164751	   2.630	       	      	
12167361	  47.931	       	      	
12170648	   0.599	 23.131	      	
12208887	  53.502	 53.495	      	
12216706	   1.471	       	      	
12217907	  43.205	 43.217	      	
12218858	   0.427	       	      	
12251650	  17.762	179.632	      	
12251779	  14.844	 74.276	      	
12253490	  19.160	 27.197	      	
12255382	   0.999	 12.812	12.554	13.471
12257908	   2.616	       	      	
12267718	   0.545	       	      	
12268220	   4.422	       	      	
12301181	   6.147	 85.821	      	
12302391	  25.322	 92.687	      	
12305537	   0.362	       	      	
12306808	  37.878	 38.007	      	
12316447	  17.908	 16.224	      	
12350008	   0.185	       	      	
12351927	  10.116	 13.159	12.962	13.277
12352712	   0.722	       	      	
12353720	   1.953	  1.921	      	
12356746	   1.005	  1.001	 1.001	 1.007
12356914	  27.307	191.116	      	
12365000	   1.263	  1.267	 1.257	 1.264
12367310	   8.627	  8.541	 8.441	 8.775
12367464	   1.853	  1.880	 1.856	 1.886
12400729	   0.932	  0.940	 0.928	 0.935
12404615	   0.366	       	      	
12405950	   3.540	       	      	
12418319	   1.357	       	      	
12418662	   2.752	  2.738	 2.735	 2.753
12418816	   1.522	  1.512	      	
12458133	   0.333	       	      	
12458797	   0.241	       	      	
12459731	  14.181	164.388	      	
12470041	  14.668	       	      	
12470530	   8.207	  6.396	 6.254	 6.353
12470954	   1.902	 37.005	      	
12504988	   5.094	  6.212	      	
12506351	   2.456	  2.411	 2.378	 2.383
12508335	  42.944	 42.992	      	
12553806	   0.463	       	      	
12554536	   0.684	       	      	
12557713	   7.215	  8.173	 8.116	 8.281
12599700	   1.018	  1.022	 1.017	 1.018
12643582	  88.295	 14.937	15.280	15.890
12644769	  41.078	 34.492	      	
12645761	   5.419	  5.415	      	
12785282	   0.789	       	      	
